chunk,log_status,downloaded,error
0,error,"AD, CN-CHONGQING, DE-SCHLESWIG-HOLSTEIN, PL-WIELKOPOLSKIE, ZA","GB-WALES, MA"
1,success,"AF, CN-FUJIAN, DE-THUERINGEN, GE, MC, PL-ZACHODNIOPOMORSKIE, ZM",
2,error,"AL, CN-GANSU, DJ, MD, ZW","GF, PR"
3,error,"AM, CN-GUANGDONG, DK, ME, PS",GH
4,error,"AO, CN-GUANGXI, MG","DZ, GL, PT"
5,error,"CN-GUIZHOU, PW","AQ, EC, GN, MH"
6,error,"CN-HAINAN, EE, GQ, MK","AR, PY"
7,error,"AT, EG, GR","CN-HEBEI, ML, QA"
8,error,"AU-ACT, CN-HEILONGJIANG, ER, MM, RO",GT
9,error,"CN-HENAN, MN, RS","AU-ASHMORE-CARTIER, ES-ANDALUCIA, GW"
10,error,"AU-CHRISTMAS-ISLAND, RU-CENTRAL-FED-DISTRICT","CN-HONG-KONG, ES-ARAGON, GY, MR"
11,error,"AU-COCOS-ISLANDS, CN-HUBEI, MT, RU-CRIMEAN-FED-DISTRICT","ES-ASTURIAS, HN"
12,error,"AU-CORAL-SEA-ISLANDS, CN-HUNAN, HR, MU","ES-CANTABRIA, RU-FAR-EASTERN-FED-DISTRICT"
13,error,"CN-INNER-MONGOLIA, MV, RU-KALININGRAD","AU-HEARD-MCDONALD, ES-CASTILLA-LA-MANCHA, HT"
14,error,"AU-NEW-SOUTH-WALES, CN-JIANGSU, HU, MW","ES-CASTILLA-Y-LEON, RU-NORTH-CAUCASUS-FED-DISTRICT"
15,error,"AU-NORFOLK-ISLAND, CN-JIANGXI, ES-CATALUNA, ID-JAVA, RU-NORTHWESTERN-FED-DISTRICT",MX
16,error,"AU-NORTHERN-TERRITORY, CN-JILIN, ID-KALIMANTAN, MY, RU-SIBERIAN-FED-DISTRICT",ES-CEUTA
17,error,"AU-QUEENSLAND, CN-LIAONING, ID-MALUKU, MZ","ES-EXTREMADURA, RU-SOUTH-FED-DISTRICT"
18,error,"AU-SOUTH-AUSTRALIA, CN-MACAU, ID-NUSA-TENGGARA, NA, RU-URAL-FED-DISTRICT",ES-GALICIA
19,success,"AU-TASMANIA, CN-NINGXIA, ES-ISLAS-BALEARES, ID-PAPUA, NC, RU-VOLGA-FED-DISTRICT",
20,error,"AU-VICTORIA, ID-SULAWESI, NE","CN-QINGHAI, ES-LA-RIOJA, RW"
21,error,"AU-WESTERN-AUSTRALIA, CN-SHAANXI, ID-SUMATRA, NG, SB",ES-MADRID
22,error,"AZ, CN-SHANDONG, SC","ES-MELILLA, IE, NI"
23,error,"BA, CN-SHANGHAI, NL-DRENTHE, SD","ES-MURCIA, IN-CENTRAL-ZONE"
24,error,"BD, CN-SHANXI, IN-EASTERN-ZONE, NL-FLEVOLAND, SE",ES-NAVARRA
25,error,"BE, CN-SICHUAN, NL-FRIESLAND","ES-PAIS-VASCO, IN-NORTH-EASTERN-ZONE, SH"
26,error,"CN-TIANJIN, NL-GELDERLAND, SI","BF, ES-VALENCIA, IN-NORTHERN-ZONE"
27,success,"BG, CN-TIBET, ET, IN-SOUTHERN-ZONE, NL-GRONINGEN, SK",
28,error,"BI, CN-XINJIANG, FI, IN-WESTERN-ZONE, NL-LIMBURG",SL
29,error,"BJ, CN-YUNNAN, IQ, NL-NOORD-BRABANT","FJ, SN"
30,error,"CN-ZHEJIANG, FM, IR, NL-NOORD-HOLLAND","BO, SO"
31,error,NL-OVERIJSSEL,"BR-CENTRO-OESTE, CO, FO, IS, SR"
32,error,"FR-ALSACE, IT-CENTRO, NL-UTRECHT, SS","BR-NORDESTE, CR"
33,error,"IT-ISOLE, NL-ZEELAND, ST","BR-NORTE, CU, FR-AQUITAINE"
34,error,"FR-AUVERGNE, IT-NORD-EST, NL-ZUID-HOLLAND","BR-SUDESTE, CV, SV"
35,error,"CY, IT-NORD-OVEST, NO-NORD-NORGE, SY","BR-SUL, FR-BASSE-NORMANDIE"
36,error,"CZ-JIHOCESKY, FR-BOURGOGNE, IT-SUD, NO-OSTLANDET, SZ",BS
37,error,"BT, CZ-JIHOMORAVSKY, NO-SORLANDET, TD","FR-BRETAGNE, JM"
38,error,"BW, CZ-KARLOVARSKY, FR-CENTRE, JO","NO-SVALBARD-JANMAYEN, TG"
39,error,"BY, CZ-KRALOVEHRADECKY, FR-CHAMPAGNE-ARDENNE, JP-CHUBU, NO-TRONDELAG",TH
40,error,"CZ-LIBERECKY, FR-CORSE, JP-CHUGOKU, NO-VESTLANDET, TJ",BZ
41,error,"CZ-MORAVSKOSLEZKY, FR-FRANCHE-COMTE, JP-HOKKAIDO, NP, TL",CA-ALBERTA
42,error,"CZ-OLOMOUCKY, JP-KANSAI, NR, TM","CA-BRITISH-COLUMBIA, FR-GUADELOUPE"
43,error,"CZ-PARDUBICKY, JP-KANTO, TN","CA-MANITOBA, FR-GUYANE, NU"
44,error,"CZ-PLZENSKY, FR-HAUTE-NORMANDIE, JP-KYUSHU","CA-NEW-BRUNSWICK, NZ, TO"
45,error,"CZ-PRAHA, FR-ILE-DE-FRANCE, JP-SHIKOKU, TR","CA-NEWFOUNDLAND-AND-LABRADOR, PA"
46,error,"CZ-STREDOCESKY, FR-LANGUEDOC-ROUSSILLON, JP-TOHOKU","CA-NORTHWEST-TERRITORIES, PE, TV"
47,error,"CZ-USTECKY, FR-LIMOUSIN, KE, PG, TW",CA-NOVA-SCOTIA
48,error,"CZ-VYSOCINA, FR-LORRAINE, KG, PH, TZ",CA-NUNAVUT
49,error,"CZ-ZLINSKY, KH, PK, UA","CA-ONTARIO, FR-MARTINIQUE"
50,error,"DE-BADEN-WUERTTEMBERG, FR-MAYOTTE, PL-DOLNOSLASKIE, UG","CA-PRINCE-EDWARD-ISLAND, KI"
51,error,"DE-BAYERN, KP, PL-KUJAWSKO-POMORSKIE","CA-QUEBEC, FR-MIDI-PYRENEES, US-ALASKA"
52,error,"DE-BERLIN, FR-NORD-PAS-DE-CALAIS, KR, PL-LODZKIE",CA-SASKATCHEWAN
54,error,"CD, DE-BREMEN, FR-PICARDIE, LA, PL-LUBUSKIE",US-HAWAII
55,error,"CF, DE-HAMBURG, LB, PL-MALOPOLSKIE",FR-POITOU-CHARENTES
56,error,"CG, DE-HESSEN, FR-PROVENCE-ALPES-COTE-D-AZUR, LI, PL-MAZOWIECKIE",UY
57,success,"CH, DE-MECKLENBURG-VORPOMMERN, FR-REUNION, LK, PL-OPOLSKIE, UZ",
58,error,"DE-NIEDERSACHSEN, FR-RHONE-ALPES, PL-PODKARPACKIE","CI, LR, VE"
59,error,"DE-NORDRHEIN-WESTFALEN, GA, LS, PL-PODLASKIE","CK, VI"
60,error,"DE-RHEINLAND-PFALZ, LT, PL-POMORSKIE, VN","CL, GB-BERMUDA"
61,error,"CM, DE-SAARLAND, LU, PL-SLASKIE","GB-ENGLAND, VU"
62,error,"CN-ANHUI, DE-SACHSEN, LV, PL-SWIETOKRZYSKIE","GB-FALKLANDS, WS"
63,error,"CN-BEIJING, DE-SACHSEN-ANHALT, LY, PL-WARMINSKO-MAZURSKIE, YE",GB-SCOTLAND
